Customer ID,Recency,Frequency,Monetary,AvgOrderValue,UniqueProducts,UniqueCategories,UniqueSubCategories,State,Region,Segment,DaysSpan,TotalItems,TotalProfit,AvgProfit,Cluster
AA-10375,20,9,1056.39,117.37666666666668,15,3,7,Arizona,West,Consumer,1330,41,277.3824,30.82026666666667,0
AA-10480,260,4,1790.5120000000002,447.62800000000004,12,3,7,North Carolina,South,Consumer,1077,36,435.8274,108.95685,3
AA-10645,56,6,5086.9349999999995,847.8224999999999,18,3,9,Pennsylvania,East,Consumer,1232,64,857.8033,142.96721666666667,2
AB-10150,42,5,966.71,193.342,12,3,6,New York,East,Consumer,1355,37,313.6597,62.731939999999994,0
AB-10165,26,8,1113.838,139.22975,14,3,7,California,West,Consumer,1115,48,220.813,27.601625,0
AB-10255,167,9,914.5319999999999,101.61466666666666,14,3,10,Ohio,East,Home Office,1091,39,264.5675,29.39638888888889,0
AB-10600,51,4,1515.862,378.9655,8,3,7,Arizona,West,Corporate,1088,38,-274.9604,-68.7401,0
AC-10615,7,5,2537.6859999999997,507.5371999999999,18,3,12,New York,East,Corporate,831,59,298.8273,59.76546,1
AC-10660,283,5,657.316,131.4632,6,3,4,Texas,Central,Consumer,890,16,-28.700399999999995,-5.740079999999999,3
AF-10870,42,7,2052.908,293.27257142857144,16,3,10,Texas,Central,Consumer,714,51,317.9712,45.42445714285714,1
AG-10270,279,5,2582.898,516.5796,14,3,9,Utah,West,Consumer,1049,58,732.7399,146.54798,3
AG-10330,9,5,660.972,132.1944,9,3,7,California,West,Consumer,506,47,-5.137100000000006,-1.0274200000000013,0
AG-10495,79,8,2356.855,294.606875,21,3,9,Pennsylvania,East,Corporate,1013,93,295.6668,36.95835,1
AG-10675,98,7,3489.0396000000005,498.43422857142866,15,3,10,Texas,Central,Consumer,871,54,-246.42570000000003,-35.20367142857143,1
AG-10900,97,10,4510.797,451.07969999999995,21,3,11,Arizona,West,Consumer,1160,92,343.6824,34.36824,1
AH-10030,13,7,1744.7,249.24285714285716,11,3,10,Pennsylvania,East,Corporate,1336,54,365.2152,52.1736,0
AH-10075,35,10,3250.337,325.0337,20,3,11,New York,East,Corporate,1106,75,281.189,28.118900000000004,1
AH-10120,61,7,1735.5140000000001,247.93057142857145,16,3,8,Arizona,West,Home Office,1201,65,-2.3145999999999773,-0.3306571428571396,1
AH-10465,231,5,2495.3916,499.07831999999996,8,3,8,New York,East,Consumer,862,35,-196.12009999999998,-39.224019999999996,3
AH-10585,22,4,738.504,184.626,5,3,5,Illinois,Central,Consumer,1140,17,83.96300000000001,20.990750000000002,0
AI-10855,14,10,4375.786,437.5786,18,3,10,Pennsylvania,East,Consumer,1329,72,867.7271000000001,86.77271,2
AJ-10780,76,7,4867.344,695.3348571428571,15,3,10,Virginia,South,Corporate,1375,62,150.71300000000005,21.53042857142858,2
AJ-10795,167,7,4501.391,643.0558571428571,21,3,13,Florida,South,Corporate,1160,88,1158.7064,165.52948571428573,2
AJ-10945,86,7,1839.24,262.74857142857144,10,3,7,North Carolina,South,Consumer,1313,40,521.1351999999999,74.4478857142857,0
AM-10360,29,5,814.012,162.80239999999998,12,3,7,Texas,Central,Corporate,1153,48,194.9878,38.99756,0
AM-10705,163,8,5664.022,708.00275,22,3,11,Alabama,South,Consumer,994,81,1085.7326,135.716575,2
AP-10720,42,8,1638.554,204.81925,19,3,10,New York,East,Home Office,1357,85,285.7888,35.7236,1
AR-10345,112,4,1055.694,263.9235,5,3,5,Massachusetts,East,Corporate,985,18,-221.0544,-55.2636,0
AR-10405,126,5,2236.128,447.22560000000004,7,3,5,Massachusetts,East,Corporate,1059,29,-98.7646,-19.75292,0
AR-10825,59,8,4523.336,565.417,13,3,8,Washington,West,Corporate,1221,54,494.83519999999993,61.85439999999999,2
AS-10045,89,7,3050.692,435.81314285714285,10,3,6,North Carolina,South,Corporate,1164,48,-253.57459999999998,-36.22494285714286,0
AS-10090,29,9,3255.31,361.7011111111111,24,3,12,Virginia,South,Consumer,1167,81,64.53739999999998,7.1708222222222195,1
AS-10225,23,5,4260.784,852.1568,13,3,10,New York,East,Corporate,1147,41,719.7751000000001,143.95502000000002,2
AS-10285,20,6,3214.236,535.706,8,3,6,California,West,Corporate,569,39,354.62760000000003,59.104600000000005,0
AS-10630,93,7,833.398,119.05685714285714,10,3,9,Texas,Central,Home Office,1155,34,136.49190000000002,19.498842857142858,0
AT-10435,22,6,1171.814,195.30233333333334,9,3,7,California,West,Home Office,1111,28,100.87680000000002,16.812800000000003,0
AT-10735,14,10,3831.864,383.1864,16,3,9,Washington,West,Consumer,1205,60,974.107,97.41069999999999,2
AW-10840,21,4,649.376,162.344,8,3,8,Texas,Central,Consumer,972,24,65.77250000000001,16.443125000000002,0
AW-10930,47,7,2852.968,407.56685714285715,16,3,10,Illinois,Central,Home Office,1219,68,-104.5486,-14.935514285714286,1
AY-10555,15,4,497.014,124.2535,10,3,6,California,West,Corporate,1350,34,103.3499,25.837475,0
AZ-10750,161,6,1622.0179999999998,270.3363333333333,12,3,7,New York,East,Consumer,1224,40,154.9503,25.82505,0
BB-11545,29,9,6765.728,751.7475555555556,20,3,8,Texas,Central,Corporate,911,83,1015.0749999999999,112.7861111111111,2
BC-11125,203,9,2933.676,325.964,18,3,6,Arizona,West,Home Office,1071,60,251.5974,27.955266666666667,1
BD-11320,34,12,5718.521,476.54341666666664,19,3,8,California,West,Consumer,911,75,1094.5037,91.20864166666667,2
BD-11500,36,6,4411.2429999999995,735.2071666666666,10,3,9,Wisconsin,Central,Consumer,1393,49,1142.1225,190.35375,2
BD-11605,98,7,3288.471,469.78157142857145,20,3,13,Massachusetts,East,Consumer,1350,74,634.8463,90.69232857142858,1
BD-11620,70,6,1538.11,256.35166666666663,8,3,7,California,West,Consumer,1210,27,206.75689999999997,34.45948333333333,0
BD-11635,10,3,582.646,194.21533333333332,5,3,5,Kentucky,South,Consumer,1173,19,141.53400000000002,47.178000000000004,0
BD-11770,328,6,658.466,109.74433333333333,10,3,7,Texas,Central,Consumer,333,21,141.265,23.544166666666666,3
BE-11455,255,6,1727.652,287.942,13,3,10,Kansas,Central,Home Office,627,40,139.20080000000002,23.200133333333337,3
BF-11005,40,4,1333.88,333.47,10,3,6,California,West,Home Office,1153,26,-291.38109999999995,-72.84527499999999,0
BF-11020,75,8,2888.506,361.06325,21,3,11,Wisconsin,Central,Corporate,1340,78,302.02,37.7525,1
BF-11215,66,4,1585.162,396.2905,8,3,6,New Mexico,West,Home Office,1082,48,523.2133,130.803325,0
BF-11275,58,3,791.9899999999999,263.9966666666666,4,3,4,Arizona,West,Corporate,1322,11,25.870199999999997,8.623399999999998,0
BG-11035,29,8,2798.948,349.8685,12,3,9,Louisiana,South,Consumer,1123,35,-711.4274,-88.928425,0
BG-11695,37,6,1874.172,312.362,8,3,8,Ohio,East,Corporate,1293,24,107.5715,17.928583333333332,0
BG-11740,58,6,1006.356,167.726,7,3,6,Pennsylvania,East,Consumer,1321,22,119.34790000000001,19.89131666666667,0
BH-11710,24,8,6255.351,781.918875,24,3,12,California,West,Consumer,1277,97,802.7898,100.348725,2
BK-11260,78,6,659.1379999999999,109.85633333333332,16,3,10,New York,East,Consumer,1168,58,-63.764399999999995,-10.6274,0
BM-11575,101,6,808.162,134.69366666666667,9,3,7,New York,East,Corporate,737,22,95.58160000000001,15.930266666666668,0
BM-11785,219,10,1338.842,133.88420000000002,14,3,9,Ohio,East,Consumer,1085,44,137.7439,13.77439,3
BO-11350,138,5,2682.728,536.5456,12,3,7,California,West,Corporate,590,43,278.77700000000004,55.75540000000001,0
BP-11095,18,12,2442.044,203.50366666666665,19,3,9,Illinois,Central,Corporate,1285,70,433.9751,36.16459166666667,1
BP-11155,90,6,1697.8609999999999,282.97683333333333,11,3,6,Georgia,South,Consumer,851,32,647.3847000000001,107.89745,0
BP-11185,2,9,3675.861,408.429,18,3,12,Colorado,West,Corporate,1011,69,363.5991,40.3999,1
BP-11230,40,5,1181.49,236.298,6,3,5,Washington,West,Consumer,1311,14,-197.2695,-39.4539,0
BS-11380,29,5,3887.834,777.5668,13,3,10,Illinois,Central,Corporate,1099,58,-17.532200000000024,-3.506440000000005,2
BS-11590,36,6,2454.928,409.1546666666666,10,3,6,Arizona,West,Corporate,1411,41,381.7807,63.63011666666667,0
BS-11755,2,7,2562.382,366.0545714285714,14,3,10,Colorado,West,Consumer,1321,45,-113.29840000000003,-16.18548571428572,0
BT-11305,337,5,2567.656,513.5312,9,3,6,California,West,Home Office,1009,33,417.5918,83.51836,3
BT-11395,303,6,2186.6130000000003,364.43550000000005,10,3,8,Michigan,Central,Corporate,857,38,257.9163,42.98605,3
BT-11530,92,5,2684.4919999999997,536.8983999999999,10,3,7,California,West,Home Office,1228,44,409.4983,81.89966,0
BT-11680,21,7,3196.752,456.6788571428571,20,3,9,Ohio,East,Consumer,1108,88,447.74839999999995,63.964057142857136,1
BV-11245,335,5,1523.2730000000001,304.6546,14,3,7,Iowa,Central,Corporate,676,49,315.2214,63.04428,3
BW-11110,122,8,4750.358,593.79475,17,3,10,Wisconsin,Central,Corporate,895,74,921.2574,115.157175,2
BW-11200,204,6,1738.406,289.7343333333333,10,3,8,Florida,South,Consumer,1033,49,246.9973,41.166216666666664,3
CA-11965,97,6,3789.7228,631.6204666666666,10,3,7,Alabama,South,Corporate,1338,29,1143.3817,190.56361666666666,2
CA-12055,402,5,1679.7240000000002,335.94480000000004,10,3,6,Texas,Central,Home Office,446,49,211.2559,42.25118,3
CA-12265,57,9,2648.2872,294.25413333333336,17,3,9,Illinois,Central,Consumer,1320,65,279.6183,31.068699999999996,1
CA-12310,14,4,1421.954,355.4885,11,3,7,Ohio,East,Corporate,1247,25,246.02179999999998,61.505449999999996,0
CA-12775,121,7,3041.566,434.50942857142854,17,3,11,Florida,South,Consumer,1161,72,204.48950000000002,29.21278571428572,1
CB-12415,27,8,1949.2,243.65,12,3,8,Ohio,East,Consumer,760,44,272.3883,34.0485375,0
CB-12535,198,8,4246.4555,530.8069375,19,3,10,North Carolina,South,Corporate,896,74,1049.5601,131.1950125,2
CC-12145,107,7,2471.65,353.09285714285716,11,3,7,California,West,Consumer,1153,31,392.2825,56.04035714285715,0
CC-12220,21,12,3913.418,326.1181666666667,22,3,10,Indiana,Central,Consumer,1188,81,393.9618,32.830149999999996,1
CC-12430,1,10,2870.05,287.005,18,3,10,Indiana,Central,Home Office,846,63,424.6583,42.46583,1
CC-12475,40,9,1659.438,184.382,13,3,8,New York,East,Consumer,1285,40,154.851,17.205666666666666,0
CC-12610,35,7,2540.631,362.94728571428567,12,3,9,Pennsylvania,East,Corporate,1187,39,331.434,47.34771428571429,0
CC-12670,30,7,2269.7015,324.24307142857145,14,3,8,New York,East,Consumer,1074,47,187.8399,26.83427142857143,0
CD-11920,41,5,2033.968,406.7936,9,3,7,California,West,Consumer,1337,35,426.661,85.3322,0
CD-11980,55,3,639.766,213.2553333333333,6,3,5,Texas,Central,Consumer,347,22,-206.7172,-68.90573333333333,0
CD-12280,43,2,1205.584,602.792,13,3,9,Washington,West,Consumer,13,39,233.0274,116.5137,0
CD-12790,400,5,1860.732,372.14639999999997,15,3,9,California,West,Home Office,1028,49,403.8422,80.76844,3
CK-12325,121,5,2945.321,589.0642,12,3,8,Utah,West,Home Office,1267,46,261.22090000000003,52.24418000000001,0
CK-12595,44,11,2372.75,215.70454545454547,24,3,10,Ohio,East,Consumer,1057,108,497.70980000000003,45.246345454545455,1
CK-12760,83,9,1582.109,175.78988888888887,14,3,10,New Jersey,East,Corporate,1340,64,-338.4311,-37.603455555555556,1
CL-11890,107,4,1262.0140000000001,315.50350000000003,7,3,7,Massachusetts,East,Consumer,1147,24,328.0847,82.021175,0
CL-12700,106,5,2353.586,470.71719999999993,8,3,6,Missouri,Central,Home Office,510,34,229.00990000000002,45.80198,0
CM-11815,132,6,1673.888,278.98133333333334,10,3,7,Texas,Central,Corporate,1011,38,214.463,35.743833333333335,0
CM-12115,9,4,1661.6100000000001,415.40250000000003,7,3,5,New York,East,Consumer,999,35,409.0679,102.266975,0
CM-12160,27,6,2533.314,422.219,7,3,6,Texas,Central,Consumer,409,23,-394.3686,-65.7281,0
CM-12190,9,6,1475.144,245.85733333333334,7,3,5,Pennsylvania,East,Consumer,826,21,91.2033,15.20055,0
CM-12235,386,5,2305.712,461.1424,8,3,6,Texas,Central,Consumer,223,28,365.0387,73.00774,3
CP-12085,83,8,5402.254,675.28175,14,3,10,Connecticut,East,Corporate,1040,57,427.0258,53.378225,2
CR-12580,58,4,2148.852,537.213,6,3,6,Illinois,Central,Home Office,564,32,74.40129999999999,18.600324999999998,0
CR-12820,86,3,1397.8724,465.9574666666667,7,3,6,New York,East,Home Office,986,26,83.27029999999999,27.756766666666664,0
CS-11845,92,5,1278.954,255.7908,8,3,5,Washington,West,Corporate,1021,22,185.3776,37.07552,0
CS-11950,26,11,3036.547,276.0497272727273,22,3,10,Illinois,Central,Consumer,1276,68,-126.4223,-11.492936363636364,1
CS-12250,27,12,2754.216,229.518,28,3,9,Louisiana,South,Corporate,1421,97,738.3626,61.53021666666667,1
CS-12355,7,11,3202.1620000000003,291.1056363636364,22,3,13,Georgia,South,Consumer,1227,74,831.9432,75.6312,1
CS-12400,3,9,3651.8585000000003,405.7620555555556,13,3,7,Illinois,Central,Home Office,1189,47,-342.80330000000004,-38.08925555555556,1
CS-12460,28,2,550.644,275.322,6,3,4,Georgia,South,Consumer,153,13,156.2593,78.12965,0
CT-11995,97,8,3241.898,405.23725,18,3,11,Minnesota,Central,Consumer,1237,60,161.22629999999995,20.153287499999994,1
CV-12295,255,5,2830.6279999999997,566.1256,13,3,10,California,West,Consumer,1119,54,493.0861,98.61722,3
CV-12805,6,9,2370.3136,263.36817777777776,19,3,11,New York,East,Corporate,595,62,98.99749999999999,10.999722222222221,1
CY-12745,61,8,2900.026,362.50325,11,3,7,California,West,Corporate,1054,43,60.64670000000001,7.580837500000001,0
DA-13450,353,4,156.76,39.19,8,3,6,Texas,Central,Home Office,993,27,56.7904,14.1976,3
DB-12910,22,8,2171.599,271.449875,12,3,7,Florida,South,Home Office,1142,47,431.3748,53.92185,0
DB-12970,242,5,2839.2272,567.8454399999999,14,3,9,California,West,Corporate,903,43,213.00289999999998,42.600579999999994,3
DB-13060,17,7,4531.646,647.3779999999999,13,3,8,Washington,West,Consumer,1384,48,473.0272,67.57531428571428,2
DB-13210,10,10,2332.577,233.25770000000003,21,3,9,Texas,Central,Consumer,1005,75,169.9679,16.996789999999997,1
DB-13270,54,8,4655.897,581.987125,13,3,9,California,West,Home Office,1372,52,841.8263999999999,105.22829999999999,2
DB-13360,265,5,1081.466,216.29319999999998,6,3,5,New York,East,Home Office,873,28,291.0085,58.2017,3
DB-13405,188,4,1711.692,427.923,14,3,8,Indiana,Central,Consumer,688,62,438.9092,109.7273,3
DB-13555,108,7,3908.8028,558.4004,14,3,10,Florida,South,Corporate,1242,61,109.32700000000001,15.618142857142859,1
DB-13660,13,7,1155.202,165.02885714285713,10,3,6,New York,East,Consumer,1280,33,177.67350000000002,25.381928571428574,0
DC-13285,24,5,1174.618,234.9236,7,3,5,Minnesota,Central,Consumer,1074,37,132.06820000000002,26.413640000000004,0
DG-13300,33,5,3195.818,639.1636000000001,8,3,6,Pennsylvania,East,Corporate,1123,39,562.7761,112.55522,2
DH-13075,278,6,4932.872,822.1453333333334,23,3,11,Kentucky,South,Corporate,858,81,1193.7404,198.95673333333332,2
DJ-13510,49,8,2501.6879999999996,312.71099999999996,13,3,8,Tennessee,South,Corporate,1183,52,345.2521,43.1565125,1
DK-12835,22,12,3256.48,271.37333333333333,27,3,10,California,West,Corporate,1354,86,881.1228000000001,73.4269,1
DK-12895,46,5,4282.176,856.4352000000001,15,3,10,Wisconsin,Central,Consumer,983,65,937.6496,187.52992,2
DK-13090,43,7,2650.557,378.65099999999995,13,3,9,Washington,West,Consumer,992,33,536.3935,76.62764285714286,0
DK-13225,11,9,4802.394,533.5993333333333,19,3,13,Pennsylvania,East,Corporate,1377,70,209.89940000000004,23.32215555555556,1
DK-13375,20,8,3318.486,414.81075,23,3,11,Ohio,East,Consumer,1191,77,377.0799,47.1349875,1
DL-12865,101,8,1503.112,187.889,14,3,9,Ohio,East,Consumer,1180,51,322.2449,40.2806125,0
DL-12925,58,6,3272.2,545.3666666666667,14,3,8,California,West,Consumer,1151,43,4.213200000000029,0.7022000000000048,0
DL-13315,23,8,1458.258,182.28225,17,3,9,New York,East,Consumer,1422,74,288.8732,36.10915,1
DL-13330,58,4,585.02,146.255,8,3,6,New Mexico,West,Consumer,1229,32,222.6812,55.6703,0
DL-13495,77,8,3539.322,442.41525,12,3,10,California,West,Corporate,660,33,-52.78799999999997,-6.598499999999996,0
DM-13345,23,8,4074.4719999999998,509.30899999999997,13,3,9,Georgia,South,Corporate,1131,41,1319.0586,164.882325,2
DN-13690,218,7,2139.79,305.6842857142857,11,3,7,California,West,Consumer,980,41,540.5405000000001,77.22007142857144,3
DO-13435,134,9,1300.0315,144.44794444444446,13,3,9,Florida,South,Consumer,1051,48,-38.90860000000001,-4.3231777777777785,0
DO-13645,27,7,1267.316,181.04514285714285,10,3,6,California,West,Consumer,758,36,294.0676,42.009657142857144,0
DP-13000,127,9,1050.636,116.73733333333332,17,3,8,Indiana,Central,Consumer,1331,58,241.4524,26.828044444444444,1
DP-13105,7,8,2215.002,276.87525,14,3,8,California,West,Corporate,855,63,563.1761,70.3970125,1
DS-13030,94,4,1762.213,440.55325,19,3,10,Washington,West,Home Office,1177,54,193.3319,48.332975,0
DS-13180,24,9,2881.8128,320.2014222222222,20,3,11,Michigan,Central,Corporate,1319,68,163.6993,18.18881111111111,1
DV-13045,20,5,1119.483,223.89659999999998,9,3,7,California,West,Corporate,547,28,-427.184,-85.4368,0
DW-13195,70,6,1080.751,180.12516666666667,9,3,8,Texas,Central,Corporate,1373,39,-86.87379999999999,-14.478966666666665,0
DW-13585,243,7,1204.854,172.122,10,3,7,Ohio,East,Corporate,982,44,-266.8966,-38.12808571428571,3
EB-13705,49,9,3644.978,404.99755555555555,12,3,7,Ohio,East,Corporate,1223,55,13.621500000000005,1.5135000000000005,1
EB-13750,36,10,3236.314,323.6314,20,3,10,Washington,West,Corporate,989,91,-80.28599999999999,-8.028599999999999,1
EB-13870,101,10,2767.219,276.7219,11,3,6,Utah,West,Consumer,1235,41,261.5315,26.15315,1
EB-13930,162,5,944.6000000000001,188.92000000000002,7,3,6,California,West,Consumer,1266,24,0.6042000000000058,0.12084000000000117,0
EB-14110,114,6,3071.126,511.8543333333334,11,3,9,Pennsylvania,East,Consumer,879,30,184.7656,30.79426666666667,0
EC-14050,54,5,461.914,92.3828,7,3,5,New York,East,Consumer,1056,37,96.4256,19.28512,0
ED-13885,136,8,3484.92,435.615,14,3,9,California,West,Home Office,1104,54,670.4435000000001,83.80543750000001,2
EG-13900,23,5,1832.02,366.404,9,3,8,New York,East,Consumer,767,44,104.2656,20.85312,0
EH-13945,218,8,684.1709999999999,85.52137499999999,17,3,9,California,West,Consumer,1060,72,53.53980000000001,6.692475000000001,1
EH-13990,406,6,825.9499999999999,137.65833333333333,8,3,6,Georgia,South,Consumer,1040,20,150.3759,25.06265,3
EH-14005,3,7,1219.53,174.21857142857144,11,3,8,Colorado,West,Home Office,1325,50,-94.14079999999997,-13.44868571428571,0
EH-14125,153,10,3082.653,308.26529999999997,18,3,9,Illinois,Central,Home Office,1016,76,96.27019999999999,9.627019999999998,1
EJ-13720,303,4,2162.174,540.5435,8,3,7,California,West,Consumer,1131,31,387.0176,96.7544,3
EJ-14155,58,5,2656.691,531.3381999999999,8,3,7,Mississippi,South,Consumer,1341,31,451.87550000000005,90.3751,0
EK-13795,45,4,1303.478,325.8695,4,3,3,California,West,Home Office,1339,18,97.10659999999999,24.276649999999997,0
EM-13810,133,5,2567.0099999999998,513.4019999999999,7,3,5,California,West,Corporate,805,23,-133.8275,-26.765499999999996,0
EM-13825,56,8,2339.598,292.44975,16,3,9,South Dakota,Central,Corporate,1069,57,682.5541999999999,85.31927499999999,1
EM-14065,48,4,228.99,57.2475,6,3,6,New York,East,Consumer,1210,22,40.15459999999999,10.038649999999997,0
EM-14140,49,6,4588.436000000001,764.7393333333334,21,3,11,Arizona,West,Home Office,1212,74,1319.3655,219.89425000000003,2
EM-14200,159,3,366.822,122.274,4,3,4,Virginia,South,Home Office,583,13,21.7721,7.257366666666666,0
EN-13780,288,4,2199.366,549.8415,9,3,8,New York,East,Consumer,658,27,496.1131,124.028275,3
ES-14020,41,5,3510.4579999999996,702.0916,8,3,6,California,West,Consumer,1157,31,1003.2935,200.6587,2
ES-14080,29,9,4657.924,517.5471111111111,20,3,10,Florida,South,Corporate,1157,77,246.6661,27.407344444444444,1
FA-14230,98,7,2984.054,426.2934285714286,17,3,10,California,West,Corporate,1101,58,520.5229,74.3604142857143,1
FC-14245,71,7,3418.742,488.39171428571433,14,3,8,Ohio,East,Home Office,861,50,1217.1662000000001,173.88088571428574,2
FC-14335,185,7,3889.366,555.6237142857143,10,3,7,Texas,Central,Corporate,993,37,714.2926,102.0418,2
FH-14275,38,10,4256.272,425.6272,21,3,11,Indiana,Central,Corporate,1327,65,1073.2676,107.32676,2
FH-14350,213,4,2271.284,567.821,14,3,9,Washington,West,Consumer,648,52,706.289,176.57225,3
FM-14215,8,10,2456.638,245.66379999999998,15,3,10,Ohio,East,Corporate,1383,48,249.6808,24.96808,1
FM-14380,146,9,2523.266,280.3628888888889,14,3,8,Colorado,West,Consumer,757,53,191.4898,21.276644444444443,1
FO-14305,39,10,2678.438,267.8438,14,3,8,New York,East,Consumer,1262,60,215.59689999999998,21.559689999999996,1
FP-14320,24,8,4046.746,505.84325,14,3,11,California,West,Consumer,1096,54,406.44730000000004,50.805912500000005,2
GA-14515,150,8,3919.7760000000003,489.97200000000004,14,3,8,California,West,Consumer,1173,48,840.899,105.112375,2
GA-14725,6,11,1398.382,127.12563636363637,22,3,12,Ohio,East,Consumer,1413,79,136.70790000000002,12.42799090909091,1
GB-14530,63,11,1568.44,142.58545454545455,19,3,12,New York,East,Corporate,1280,62,7.837100000000003,0.7124636363636366,1
GB-14575,14,5,4716.288,943.2575999999999,16,3,7,Pennsylvania,East,Consumer,919,63,1135.8393,227.16786000000002,2
GG-14650,44,9,2224.0,247.11111111111111,24,3,11,Tennessee,South,Corporate,1113,92,12.698500000000008,1.4109444444444454,1
GH-14410,76,9,2819.4669999999996,313.2741111111111,17,3,10,Arizona,West,Home Office,1195,65,-576.8335,-64.09261111111111,1
GH-14425,51,4,4172.8460000000005,1043.2115000000001,10,3,7,Arizona,West,Consumer,1242,51,1176.4181,294.104525,2
GM-14440,84,7,3582.8199999999997,511.83142857142855,11,3,7,California,West,Consumer,1297,43,347.266,49.60942857142857,2
GM-14455,17,6,3078.624,513.1039999999999,12,3,8,Texas,Central,Home Office,1343,54,793.2814000000001,132.21356666666668,2
GM-14500,107,10,1255.682,125.5682,13,3,10,Rhode Island,East,Consumer,1133,53,441.3185,44.13185,1
GM-14680,153,6,3163.628,527.2713333333334,11,3,9,Washington,West,Consumer,1178,31,35.48649999999999,5.914416666666665,0
GW-14605,29,7,2189.019,312.717,9,3,6,Washington,West,Consumer,1372,43,-268.54229999999995,-38.363185714285706,0
GZ-14470,8,9,4355.150000000001,483.9055555555556,14,3,10,Minnesota,Central,Consumer,1236,48,1087.7539,120.86154444444443,2
GZ-14545,158,4,2454.6220000000003,613.6555000000001,5,3,5,Massachusetts,East,Corporate,1032,25,828.661,207.16525,3
HA-14905,70,7,2163.3,309.04285714285714,10,3,8,New York,East,Consumer,1210,45,270.8574,38.693914285714285,0
HA-14920,21,8,2584.158,323.01975,18,3,11,California,West,Consumer,1156,72,99.1445,12.3930625,1
HE-14800,13,4,883.5319999999999,220.88299999999998,10,3,5,Illinois,Central,Corporate,688,44,274.4028,68.6007,0
HF-14995,22,7,2533.1639999999998,361.8805714285714,19,3,10,Indiana,Central,Consumer,1293,70,-13.876799999999989,-1.9823999999999984,1
HG-15025,7,7,3690.284,527.1834285714286,11,3,8,Texas,Central,Consumer,1167,38,804.6113,114.94447142857143,2
HK-14890,152,8,4877.784,609.723,15,3,11,Tennessee,South,Corporate,1148,64,956.9451,119.6181375,2
HM-14980,248,4,736.276,184.069,7,3,4,New York,East,Consumer,573,29,117.2755,29.318875,3
HP-14815,31,7,1990.314,284.33057142857143,10,3,7,Texas,Central,Home Office,1304,44,373.8637,53.4091,0
HR-14770,14,5,1299.288,259.8576,13,3,9,California,West,Home Office,1387,38,185.5794,37.11588,0
HR-14830,160,7,5248.787,749.8267142857143,14,3,9,Washington,West,Corporate,973,51,1196.9504,170.99291428571428,2
HZ-14950,36,5,886.52,177.304,6,3,4,Ohio,East,Consumer,621,21,-130.3879,-26.07758,0
IL-15100,143,7,5040.736,720.1051428571428,14,3,11,California,West,Consumer,1105,60,1121.937,160.27671428571426,2
IM-15055,410,3,2872.63,957.5433333333334,4,3,4,California,West,Consumer,1028,19,975.7701,325.25669999999997,3
IM-15070,391,7,4930.474,704.3534285714286,21,3,13,Washington,West,Consumer,717,93,514.6527,73.52181428571429,2
JB-15400,8,10,1791.605,179.1605,16,3,9,Illinois,Central,Corporate,1196,43,156.05319999999998,15.605319999999997,1
JB-16045,8,5,2518.115,503.62299999999993,9,3,5,Georgia,South,Home Office,965,32,201.51850000000002,40.303700000000006,0
JC-15775,159,9,2772.055,308.00611111111107,16,3,9,Texas,Central,Consumer,1045,64,279.56919999999997,31.06324444444444,1
JC-16105,58,5,858.576,171.7152,9,3,7,North Carolina,South,Corporate,1081,43,201.5952,40.31904,0
JD-15790,118,5,2152.352,430.4704,7,3,5,Texas,Central,Consumer,886,26,-266.55249999999995,-53.31049999999999,0
JE-15475,194,6,1388.682,231.447,13,3,6,New York,East,Consumer,827,49,276.2197,46.03661666666667,3
JE-16165,21,3,2697.248,899.0826666666667,7,3,5,Wisconsin,Central,Corporate,370,34,789.6476,263.21586666666667,2
JF-15190,66,7,2279.5860000000002,325.6551428571429,19,3,11,California,West,Consumer,1076,72,575.1259,82.16084285714285,1
JF-15295,226,5,955.124,191.0248,14,3,9,Washington,West,Consumer,1162,42,97.28899999999999,19.4578,3
JF-15355,106,6,1911.844,318.6406666666667,16,3,8,Texas,Central,Consumer,694,58,330.199,55.033166666666666,0
JF-15415,3,6,2371.448,395.24133333333333,14,3,8,New York,East,Consumer,1290,69,635.6376,105.9396,1
JF-15490,122,11,1082.918,98.4470909090909,15,3,9,Washington,West,Consumer,1047,36,-18.06730000000001,-1.642481818181819,1
JF-15565,55,8,4198.332,524.7915,16,3,10,Texas,Central,Consumer,1122,67,1073.2088,134.1511,2
JH-15430,6,4,309.281,77.32025,7,3,5,North Carolina,South,Consumer,1400,29,-24.077100000000005,-6.019275000000001,0
JH-15820,175,6,528.91,88.15166666666666,8,3,8,Ohio,East,Consumer,1147,29,26.082199999999997,4.347033333333333,0
JH-15910,42,7,959.477,137.06814285714285,9,3,7,California,West,Consumer,891,35,-13.554499999999996,-1.9363571428571422,0
JH-16180,405,4,2256.3940000000002,564.0985000000001,5,3,4,Colorado,West,Consumer,546,28,-96.95300000000002,-24.238250000000004,3
JK-15205,62,5,4427.142,885.4284,13,3,9,California,West,Consumer,1207,67,1219.983,243.9966,2
JK-15370,45,8,2709.632,338.704,16,3,11,California,West,Consumer,1315,72,330.2838,41.285475,1
JK-15625,62,7,3760.028,537.1468571428571,12,3,7,Washington,West,Consumer,1248,44,750.9485,107.27835714285713,2
JK-15730,85,10,4867.2,486.71999999999997,20,3,13,North Carolina,South,Consumer,1054,88,55.0483,5.50483,1
JK-16120,118,10,2932.484,293.2484,17,3,9,Illinois,Central,Home Office,1037,49,122.6566,12.26566,1
JL-15130,9,6,1214.956,202.49266666666665,12,3,7,Texas,Central,Consumer,1253,42,-207.79559999999998,-34.6326,0
JL-15175,7,5,1571.523,314.3046,7,3,7,Tennessee,South,Home Office,1089,29,209.2817,41.85634,0
JL-15235,120,5,2203.7,440.73999999999995,10,3,10,Illinois,Central,Consumer,1196,39,54.51740000000002,10.903480000000005,0
JL-15505,50,6,3173.874,528.9789999999999,17,3,12,New York,East,Consumer,1093,56,591.7163,98.61938333333335,2
JM-15250,38,6,3159.1220000000003,526.5203333333334,19,3,10,North Carolina,South,Consumer,604,91,19.82350000000004,3.303916666666673,1
JM-15265,38,5,1804.146,360.8292,13,3,8,New York,East,Corporate,1186,52,502.6143,100.52286000000001,0
JM-15535,103,7,1733.443,247.6347142857143,10,3,6,Pennsylvania,East,Consumer,1102,46,356.5395,50.93421428571428,0
JM-15655,9,5,864.947,172.9894,12,3,10,New Jersey,East,Corporate,1354,41,117.20400000000001,23.440800000000003,0
JM-16195,58,10,2833.9260000000004,283.3926,19,3,7,California,West,Consumer,1283,74,754.1144,75.41144,1
JO-15145,58,9,3254.949,361.661,13,3,8,Pennsylvania,East,Corporate,1397,59,581.4045,64.6005,1
JO-15280,93,6,1934.272,322.3786666666667,11,3,7,California,West,Consumer,1278,36,202.13619999999997,33.689366666666665,0
JP-15460,38,7,1669.135,238.44785714285715,15,3,9,New York,East,Corporate,1187,54,429.7465,61.39235714285714,0
JP-15520,9,7,3635.594,519.3705714285715,16,3,9,California,West,Consumer,1218,63,757.1802,108.1686,2
JP-16135,103,9,1707.71,189.74555555555557,12,3,7,Georgia,South,Home Office,1092,47,309.7116,34.4124,0
JR-16210,34,5,2201.686,440.33720000000005,10,3,7,Ohio,East,Corporate,801,41,452.37300000000005,90.47460000000001,0
JS-15595,120,4,1417.654,354.4135,8,3,7,California,West,Corporate,1279,35,-175.54899999999998,-43.887249999999995,0
JS-15685,43,4,1131.0639999999999,282.76599999999996,11,3,7,California,West,Corporate,522,42,-54.8692,-13.7173,0
JS-16030,29,6,2516.494,419.4156666666667,18,3,10,Texas,Central,Consumer,1374,70,-311.25749999999994,-51.87624999999999,1
JW-15955,6,7,1244.086,177.72657142857142,10,3,7,California,West,Consumer,862,41,-29.575899999999987,-4.225128571428569,0
KA-16525,37,7,1519.506,217.07228571428573,11,3,7,California,West,Consumer,1354,57,234.9194,33.559914285714285,0
KB-16240,5,7,3152.6150000000002,450.37357142857144,10,3,7,California,West,Corporate,1366,34,763.9076,109.12965714285714,2
KB-16315,297,9,1569.464,174.3848888888889,22,3,10,Minnesota,Central,Consumer,926,62,49.71929999999999,5.5243666666666655,1
KB-16405,118,3,908.821,302.94033333333334,9,3,6,California,West,Home Office,654,25,274.297,91.43233333333335,0
KB-16585,231,12,2744.742,228.72850000000003,23,3,11,Nebraska,Central,Corporate,1136,102,579.3551,48.27959166666667,1
KB-16600,2,7,983.922,140.56028571428573,9,3,7,Texas,Central,Corporate,1095,29,293.55240000000003,41.936057142857145,0
KC-16540,98,4,3908.262,977.0655,5,3,4,California,West,Consumer,692,28,709.4219,177.355475,2
KD-16345,42,6,1888.964,314.82733333333334,10,3,6,California,West,Consumer,1174,36,328.5942,54.7657,0
KE-16420,27,8,1686.7312,210.8414,15,3,9,Tennessee,South,Corporate,1341,67,397.87989999999996,49.734987499999995,1
KH-16330,41,8,3312.864,414.108,18,3,8,Kentucky,South,Corporate,1329,70,454.7871,56.8483875,1
KH-16360,2,6,3100.612,516.7686666666667,14,3,9,Pennsylvania,East,Consumer,1340,40,528.2051,88.03418333333333,2
KH-16510,23,7,5952.859,850.4084285714287,23,3,11,California,West,Consumer,1211,91,656.1162,93.73088571428572,2
KL-16555,17,8,5016.488,627.061,22,3,9,Colorado,West,Corporate,1278,84,-182.78130000000002,-22.847662500000002,1
KM-16225,15,6,2260.958,376.82633333333337,19,3,10,New York,East,Corporate,894,72,635.1057000000001,105.85095000000001,1
KM-16375,57,8,5620.186,702.52325,20,3,11,Virginia,South,Home Office,1203,69,973.7901999999999,121.72377499999999,2
KM-16660,16,5,453.538,90.7076,9,3,7,Georgia,South,Consumer,1089,30,91.1391,18.22782,0
KM-16720,29,8,4909.472,613.684,28,3,12,California,West,Consumer,1343,98,745.7685,93.2210625,2
KN-16390,20,9,2617.272,290.808,17,3,9,California,West,Corporate,1105,56,-151.1518,-16.794644444444444,1
KN-16450,53,5,2171.962,434.3924,8,3,6,Florida,South,Corporate,1306,49,114.3083,22.86166,0
KN-16705,99,8,2280.58,285.0725,15,3,9,Colorado,West,Home Office,1301,55,329.76250000000005,41.220312500000006,1
KT-16465,392,7,3057.1,436.7285714285714,14,3,7,California,West,Consumer,818,45,254.0032,36.28617142857143,3
KT-16480,101,10,4642.088400000001,464.20884000000007,13,3,11,New York,East,Consumer,1291,37,194.0671,19.40671,1
LB-16795,153,8,4985.676,623.2095,23,3,10,Illinois,Central,Home Office,1195,76,-52.19099999999998,-6.523874999999998,1
LC-16885,17,12,7663.126,638.5938333333334,23,3,10,California,West,Consumer,1329,93,1288.3469,107.36224166666666,2
LC-16930,42,8,4492.946,561.61825,14,3,8,Illinois,Central,Corporate,1368,52,288.26599999999996,36.033249999999995,2
LC-17050,55,5,2095.064,419.01279999999997,9,3,7,California,West,Consumer,1375,43,86.77799999999999,17.3556,0
LC-17140,14,9,2633.582,292.6202222222222,18,3,9,Texas,Central,Consumer,1195,62,231.12520000000004,25.68057777777778,1
LE-16810,22,6,1469.45,244.90833333333333,9,3,7,California,West,Consumer,1292,32,161.76489999999998,26.960816666666663,0
LH-16900,22,9,2295.332,255.03688888888888,15,3,7,Delaware,East,Consumer,1208,64,526.0727,58.45252222222223,1
LH-17020,240,4,318.239,79.55975,6,3,5,Ohio,East,Consumer,970,34,-242.73989999999998,-60.684974999999994,3
LH-17155,386,9,1739.689,193.2987777777778,19,3,10,California,West,Consumer,729,44,316.5202,35.16891111111111,3
LL-16840,250,6,2741.2039999999997,456.8673333333333,12,3,8,New York,East,Consumer,1092,50,560.0078,93.33463333333333,3
LM-17065,392,5,1346.774,269.35479999999995,7,3,5,Ohio,East,Consumer,891,32,-44.87799999999999,-8.975599999999998,3
LO-17170,3,5,644.35,128.87,9,3,7,California,West,Corporate,1056,34,150.1712,30.03424,0
LP-17095,10,7,3653.399,521.9141428571428,15,3,10,Kentucky,South,Consumer,563,52,338.44539999999995,48.34934285714285,2
LR-16915,27,6,5142.892,857.1486666666666,16,3,9,California,West,Consumer,1214,64,535.4764,89.24606666666666,2
LR-17035,133,5,1879.306,375.8612,12,3,8,Pennsylvania,East,Corporate,1078,44,-382.8079,-76.56158,0
LS-16945,179,6,2845.27,474.21166666666664,14,3,8,Pennsylvania,East,Corporate,802,51,-318.77369999999996,-53.128949999999996,3
LS-16975,21,9,2988.674,332.0748888888889,22,3,11,California,West,Home Office,1147,63,262.63669999999996,29.18185555555555,1
LS-17245,35,6,1008.1360000000001,168.02266666666668,12,3,6,Missouri,Central,Consumer,1137,47,348.3584,58.059733333333334,0
LT-17110,35,8,2936.252,367.0315,14,3,8,California,West,Consumer,1274,63,320.973,40.121625,1
LW-16825,89,5,2238.061,447.61220000000003,15,3,10,Florida,South,Corporate,1222,50,32.5767,6.51534,0
LW-16990,34,6,3230.308,538.3846666666667,11,3,7,California,West,Corporate,571,38,662.8339000000001,110.47231666666669,2
LW-17125,206,3,1259.04,419.68,5,3,3,Connecticut,East,Consumer,1001,15,192.6312,64.2104,3
LW-17215,22,7,5420.514,774.3591428571428,15,3,10,California,West,Consumer,1184,59,837.2411,119.60587142857142,2
MA-17995,187,6,2453.284,408.8806666666667,12,3,8,New York,East,Home Office,1011,42,280.7822,46.79703333333333,3
MB-17305,49,10,1548.702,154.8702,19,3,11,Ohio,East,Consumer,1192,63,212.425,21.2425,1
MB-18085,45,7,1428.231,204.033,10,3,8,New Jersey,East,Consumer,1411,39,117.8057,16.829385714285714,0
MC-17590,52,6,2426.067,404.3445,17,3,9,New Jersey,East,Corporate,1269,47,288.98409999999996,48.16401666666666,0
MC-17605,113,8,2258.192,282.274,18,3,11,Michigan,Central,Corporate,1270,60,195.4486,24.431075,1
MC-17845,2,7,3805.714,543.6734285714285,14,3,10,Mississippi,South,Consumer,1273,45,698.4174,99.7739142857143,2
MC-18100,42,10,2218.98,221.898,19,3,10,Texas,Central,Consumer,1250,73,-64.1668,-6.4166799999999995,1
MC-18130,370,5,1581.9979999999998,316.39959999999996,11,3,9,Louisiana,South,Corporate,829,34,121.7565,24.351300000000002,3
MD-17350,118,7,3766.382,538.0545714285714,17,3,10,Arkansas,South,Consumer,1034,64,-241.94999999999996,-34.56428571428571,1
ME-17725,29,8,1908.4532,238.55665,13,3,9,Colorado,West,Consumer,1239,46,77.81280000000001,9.726600000000001,0
MF-18250,8,5,1758.3,351.65999999999997,12,3,5,California,West,Corporate,1195,38,456.86080000000004,91.37216000000001,0
MG-17650,30,7,3785.276,540.7537142857143,14,3,9,Pennsylvania,East,Home Office,1210,57,341.898,48.84257142857143,2
MG-17680,93,4,2350.188,587.547,10,3,7,Ohio,East,Home Office,1073,25,25.888599999999972,6.472149999999993,0
MG-17890,100,9,776.384,86.26488888888889,13,3,10,Maryland,East,Home Office,998,35,171.7372,19.08191111111111,0
MG-18145,85,4,3061.543,765.38575,8,3,7,Pennsylvania,East,Consumer,1288,42,-93.603,-23.40075,0
MH-17290,120,6,2394.025,399.00416666666666,13,3,10,California,West,Home Office,1225,55,28.761200000000038,4.79353333333334,0
MH-17455,86,8,2456.1820000000002,307.02275000000003,11,3,8,North Carolina,South,Consumer,1183,45,484.77330000000006,60.59666250000001,0
MH-17620,156,4,1252.8,313.2,6,3,5,California,West,Corporate,601,19,122.3612,30.5903,0
MH-18115,6,9,5503.093,611.4547777777777,22,3,10,Pennsylvania,East,Home Office,489,79,170.9746,18.99717777777778,1
MK-17905,29,8,2302.368,287.796,17,3,9,Connecticut,East,Corporate,1110,73,-405.3559,-50.6694875,1
ML-17395,70,9,2722.843,302.5381111111111,20,3,10,California,West,Corporate,1346,72,684.9162,76.1018,1
ML-17410,55,6,2921.5,486.9166666666667,15,3,9,Connecticut,East,Consumer,1088,51,-76.17550000000003,-12.69591666666667,0
ML-17755,30,7,2071.9139999999998,295.9877142857143,13,3,8,Virginia,South,Home Office,484,53,409.51120000000003,58.5016,0
ML-18040,80,3,742.082,247.36066666666667,4,3,3,New Mexico,West,Corporate,200,18,138.71620000000001,46.238733333333336,0
MM-17920,8,11,3794.0800000000004,344.91636363636366,16,3,9,California,West,Consumer,1440,68,82.12499999999997,7.465909090909088,1
MM-18055,62,8,2749.881,343.735125,19,3,11,Washington,West,Consumer,1298,73,-520.3443,-65.0430375,1
MM-18280,86,9,775.414,86.1571111111111,12,3,8,Illinois,Central,Corporate,1355,32,58.8916,6.543511111111111,0
MN-17935,35,6,2477.946,412.991,10,3,6,Texas,Central,Consumer,1379,36,290.8227,48.47045,0
MO-17500,73,4,922.487,230.62175,5,3,5,New York,East,Consumer,1056,15,59.357699999999994,14.839424999999999,0
MO-17800,105,8,1687.0269999999998,210.87837499999998,11,3,6,New York,East,Home Office,731,49,169.34369999999998,21.167962499999998,0
MP-17965,73,9,3983.6420000000003,442.6268888888889,20,3,10,Massachusetts,East,Corporate,915,62,638.1563,70.90625555555556,1
MP-18175,17,9,5087.92,565.3244444444445,19,3,10,California,West,Home Office,1357,78,226.4529,25.161433333333335,1
MR-17545,126,4,639.178,159.7945,6,3,5,Pennsylvania,East,Home Office,1089,29,162.9363,40.734075,0
MS-17365,274,10,7443.6900000000005,744.369,24,3,11,Michigan,Central,Consumer,935,105,844.9354999999998,84.49354999999998,2
MS-17770,122,9,3144.678,349.40866666666665,19,3,11,New York,East,Consumer,1154,73,280.85839999999996,31.206488888888885,1
MS-17980,27,6,855.116,142.51933333333332,11,3,7,Texas,Central,Corporate,1253,49,55.226,9.204333333333333,0
MT-17815,50,6,2890.139,481.68983333333335,10,3,7,Arizona,West,Consumer,736,31,509.0068,84.83446666666667,0
MT-18070,204,4,1319.4498,329.86245,11,3,6,California,West,Home Office,989,44,-23.676300000000005,-5.919075000000001,3
MV-18190,20,7,1734.574,247.79628571428572,11,3,7,New York,East,Consumer,1411,37,273.8582,39.1226,0
MW-18220,18,7,5341.900000000001,763.1285714285715,14,3,7,New York,East,Consumer,1206,51,1238.422,176.9174285714286,2
MY-17380,30,7,2254.285,322.0407142857143,13,3,8,Colorado,West,Corporate,767,49,319.1211,45.588728571428575,0
MY-18295,72,11,4152.696,377.5178181818182,21,3,10,Texas,Central,Corporate,1271,89,-371.7111,-33.79191818181818,1
MZ-17335,31,4,593.606,148.4015,6,3,4,California,West,Home Office,753,11,85.01910000000001,21.254775000000002,0
MZ-17515,283,6,2564.906,427.4843333333333,10,3,7,California,West,Corporate,1084,39,787.7503,131.29171666666667,3
NB-18655,20,9,1972.599,219.17766666666665,17,3,10,Texas,Central,Corporate,1102,64,117.6429,13.071433333333333,1
NC-18625,205,5,1821.742,364.34839999999997,9,3,8,Colorado,West,Corporate,954,29,-359.02099999999996,-71.8042,3
ND-18370,28,9,4326.139,480.6821111111111,18,3,7,Kentucky,South,Consumer,1420,63,353.64549999999997,39.29394444444444,1
ND-18460,184,6,2893.455,482.2425,8,3,6,Georgia,South,Corporate,1240,36,443.33680000000004,73.88946666666668,3
NG-18355,49,5,1869.58,373.916,16,3,7,New York,East,Corporate,1084,45,313.63349999999997,62.726699999999994,0
NH-18610,190,7,2673.29,381.8985714285714,11,3,8,Texas,Central,Corporate,1210,52,760.1666,108.59522857142858,3
NL-18310,59,4,1418.0900000000001,354.52250000000004,10,3,10,California,West,Home Office,1098,44,343.6381,85.909525,0
NM-18520,245,10,2161.979,216.19789999999998,14,3,7,California,West,Consumer,600,60,788.9525000000001,78.89525,1
NP-18325,26,6,5529.62,921.6033333333334,21,3,10,Virginia,South,Consumer,1302,77,1208.8890000000001,201.4815,2
NP-18670,59,5,3908.402,781.6804,10,3,8,Oklahoma,Central,Consumer,979,46,514.6002,102.92004,2
NP-18685,407,6,1228.698,204.78300000000002,7,3,5,New York,East,Home Office,988,23,514.5017,85.75028333333334,3
NR-18550,211,5,2367.277,473.4554,13,3,9,Illinois,Central,Consumer,1092,37,-25.148799999999966,-5.029759999999993,3
NS-18505,7,4,2575.863,643.96575,15,3,10,Texas,Central,Consumer,395,52,-12.303999999999997,-3.075999999999999,0
NW-18400,173,7,7234.014,1033.4305714285715,22,3,15,Oregon,West,Consumer,1116,78,1023.123,146.16042857142858,2
NZ-18565,86,9,2488.31,276.4788888888889,19,3,10,Ohio,East,Home Office,1161,77,402.4236,44.71373333333334,1
ON-18715,411,9,1567.52,174.1688888888889,15,3,12,Minnesota,Central,Corporate,794,58,-5.88900000000001,-0.6543333333333344,3
PB-18805,26,3,740.356,246.78533333333334,10,3,4,Utah,West,Home Office,746,54,229.2257,76.40856666666666,0
PB-19150,98,8,1456.95,182.11875,11,3,8,California,West,Consumer,1168,54,280.6606,35.082575,0
PF-19165,197,6,2770.0,461.6666666666667,10,3,9,Illinois,Central,Consumer,1001,34,196.87389999999996,32.81231666666666,3
PF-19225,115,5,2206.1279999999997,441.22559999999993,10,3,8,California,West,Consumer,438,32,591.3118000000001,118.26236000000002,0
PG-18895,58,9,1987.164,220.796,17,3,9,Minnesota,Central,Consumer,1272,61,334.5163,37.16847777777778,1
PJ-19015,135,7,1824.2340000000002,260.60485714285716,10,3,7,California,West,Consumer,1229,25,682.9979000000001,97.57112857142859,0
PL-18925,16,5,239.481,47.8962,8,3,7,Illinois,Central,Home Office,1140,29,-0.7527000000000026,-0.1505400000000005,0
PM-19135,52,4,4115.662,1028.9155,7,3,6,Michigan,Central,Home Office,691,36,526.7537,131.688425,2
PN-18775,31,8,1467.152,183.394,13,3,10,New York,East,Home Office,846,47,192.0396,24.00495,0
PO-18850,5,11,7473.8282,679.4389272727273,22,3,11,Pennsylvania,East,Consumer,1150,91,38.47569999999996,3.4977909090909054,1
PO-18865,1,7,2493.214,356.1734285714286,13,3,8,Michigan,Central,Consumer,1378,54,437.8533,62.55047142857143,0
PO-19180,161,9,4893.043,543.6714444444444,18,3,12,Illinois,Central,Home Office,712,65,1155.4331,128.38145555555556,2
PO-19195,87,5,1056.858,211.3716,10,3,6,Illinois,Central,Home Office,1370,32,-49.70089999999999,-9.940179999999998,0
PR-18880,37,5,1840.178,368.03560000000004,12,3,8,California,West,Consumer,1176,43,247.6226,49.52452,0
PS-18760,108,6,2181.479,363.5798333333333,21,3,9,California,West,Consumer,1187,75,-134.441,-22.406833333333335,1
PV-18985,90,5,2876.046,575.2092,13,3,9,California,West,Home Office,1178,52,434.52840000000003,86.90568,2
PW-19030,47,10,3454.916,345.4916,13,3,9,Kentucky,South,Corporate,1278,48,803.8169,80.38169,1
QJ-19255,26,9,6108.338,678.7042222222221,13,3,8,Minnesota,Central,Corporate,1359,61,1203.6768,133.74186666666665,2
RA-19285,6,9,2617.906,290.8784444444444,17,3,9,New York,East,Consumer,1108,58,546.0882,60.67646666666667,1
RA-19885,44,7,3832.314,547.4734285714286,15,3,10,California,West,Corporate,1319,53,1292.8656,184.69508571428574,2
RA-19915,13,9,4793.543,532.6158888888889,22,3,9,Texas,Central,Consumer,1267,75,304.8673,33.87414444444445,1
RA-19945,62,5,1686.9225,337.3845,9,3,6,California,West,Consumer,1158,27,-445.695,-89.139,0
RB-19330,69,2,1008.1959999999999,504.09799999999996,6,3,5,Pennsylvania,East,Consumer,1071,16,-164.40619999999998,-82.20309999999999,0
RB-19435,20,8,2663.0860000000002,332.88575000000003,16,3,9,Missouri,Central,Consumer,1371,66,477.23990000000003,59.654987500000004,1
RB-19465,10,12,4715.466,392.95550000000003,22,3,10,Illinois,Central,Home Office,1378,85,640.5466,53.378883333333334,1
RB-19570,26,5,528.546,105.70920000000001,9,3,8,Indiana,Central,Consumer,586,35,76.8879,15.37758,0
RB-19705,55,4,2067.45,516.8625,7,3,5,Oregon,West,Home Office,807,22,243.07549999999998,60.768874999999994,0
RB-19795,33,8,5633.316000000001,704.1645000000001,17,3,8,North Carolina,South,Home Office,1274,92,-461.73319999999995,-57.716649999999994,1
RC-19825,370,6,966.409,161.06816666666666,10,3,9,Illinois,Central,Consumer,752,29,63.991400000000006,10.665233333333335,3
RC-19960,111,6,885.752,147.62533333333332,11,3,7,Ohio,East,Consumer,1113,44,10.563300000000002,1.7605500000000003,0
RD-19480,73,8,4272.93,534.11625,14,3,7,Washington,West,Consumer,1229,60,480.594,60.07425,2
RD-19585,181,10,2912.8940000000002,291.2894,19,3,9,Kentucky,South,Consumer,1188,73,734.5158,73.45158,1
RD-19720,22,10,1419.737,141.9737,20,3,11,Florida,South,Consumer,1238,78,207.3304,20.73304,1
RD-19810,15,8,1137.616,142.202,15,3,9,California,West,Home Office,1146,63,318.4625,39.8078125,1
RD-19900,115,9,3133.924,348.21377777777775,21,3,9,New Mexico,West,Consumer,1251,85,455.5292,50.614355555555555,1
RD-19930,43,4,970.9420000000001,242.73550000000003,10,3,9,Texas,Central,Consumer,1142,33,35.05740000000001,8.764350000000002,0
RE-19450,303,5,876.696,175.3392,9,3,6,Texas,Central,Consumer,1004,47,209.2294,41.84588,3
RF-19345,391,8,3309.15,413.64375,16,3,8,New Hampshire,East,Corporate,930,67,633.7072000000001,79.21340000000001,3
RF-19735,90,7,2341.2960000000003,334.4708571428572,14,3,10,Michigan,Central,Consumer,1153,53,711.6168,101.65954285714285,1
RF-19840,7,8,945.222,118.15275,11,3,8,New York,East,Consumer,1138,45,280.0261,35.0032625,0
RH-19495,33,5,3621.3759999999997,724.2751999999999,8,3,4,Minnesota,Central,Consumer,1193,38,563.7877,112.75753999999999,2
RK-19300,120,3,1460.192,486.73066666666665,8,3,5,Pennsylvania,East,Consumer,775,29,269.688,89.896,0
RL-19615,122,8,6234.91,779.36375,24,3,12,Alabama,South,Consumer,1000,101,488.14840000000004,61.018550000000005,2
RM-19375,346,6,1453.474,242.24566666666666,9,3,8,Texas,Central,Consumer,984,29,392.1499,65.35831666666667,3
RP-19390,34,12,5153.084,429.42366666666663,25,3,10,Ohio,East,Consumer,1283,88,465.25030000000015,38.770858333333344,1
RR-19525,171,6,3302.2619999999997,550.377,10,3,6,Massachusetts,East,Corporate,1038,36,721.6826,120.28043333333333,2
RS-19765,37,8,4159.7699999999995,519.9712499999999,14,3,9,New York,East,Corporate,1327,54,1206.3851,150.7981375,2
RW-19630,90,9,3279.746,364.41622222222225,16,3,11,Texas,Central,Corporate,1192,53,698.8325,77.64805555555556,1
SA-20830,64,10,4767.3415,476.73415000000006,21,3,9,Illinois,Central,Consumer,1344,75,610.1496000000001,61.01496000000001,1
SC-20050,41,9,4624.572,513.8413333333333,15,3,9,Connecticut,East,Home Office,1343,61,1011.7443,112.41603333333333,2
SC-20260,188,8,3729.7929999999997,466.22412499999996,18,3,13,California,West,Corporate,1177,63,671.0033999999999,83.87542499999999,2
SC-20305,30,7,3979.065,568.4378571428572,12,3,7,Michigan,Central,Consumer,1081,64,229.1617,32.737385714285715,2
SC-20380,31,9,5992.536,665.8373333333334,20,3,11,Washington,West,Consumer,1370,80,236.66149999999996,26.295722222222217,2
SC-20440,37,7,1874.998,267.85685714285717,10,3,6,Colorado,West,Corporate,830,44,379.5611,54.223014285714285,0
SC-20680,127,6,1254.64,209.10666666666668,8,3,6,Georgia,South,Home Office,1009,26,370.1578,61.69296666666667,0
SC-20695,90,10,2576.408,257.6408,14,3,9,Florida,South,Corporate,1021,66,611.8291,61.18291000000001,1
SC-20770,42,7,4492.657,641.8081428571429,21,3,12,Alabama,South,Corporate,883,75,-671.1874,-95.88391428571428,1
SF-20200,60,9,3422.7859999999996,380.3095555555555,15,3,8,Washington,West,Consumer,1044,74,286.9046,31.87828888888889,1
SF-20965,49,9,3336.535,370.7261111111111,17,3,9,Michigan,Central,Corporate,1118,66,539.9352,59.9928,1
SG-20470,184,8,1884.798,235.59975,14,3,10,New York,East,Consumer,1070,62,-119.0105,-14.8763125,1
SG-20605,109,6,3124.832,520.8053333333334,13,3,8,New York,East,Consumer,1329,49,463.269,77.2115,2
SH-20395,24,10,2180.718,218.0718,15,3,10,Virginia,South,Consumer,1131,45,-144.5229,-14.45229,1
SJ-20125,96,12,3949.656,329.138,23,3,11,New Jersey,East,Home Office,735,104,144.1189,12.009908333333334,1
SJ-20215,30,6,1341.036,223.506,9,3,6,Texas,Central,Consumer,1026,35,-23.5137,-3.91895,0
SJ-20500,254,5,1318.776,263.7552,7,3,6,Texas,Central,Consumer,964,30,68.09629999999999,13.619259999999997,3
SL-20155,71,7,3053.012,436.14457142857145,9,3,7,Florida,South,Home Office,1126,30,527.9715,75.4245,0
SN-20710,80,7,3127.9592,446.85131428571424,19,3,10,Texas,Central,Home Office,1255,89,481.74989999999997,68.82141428571428,1
SO-20335,30,6,2602.5755,433.76258333333334,15,3,9,Florida,South,Consumer,782,52,-81.0858,-13.5143,0
SP-20545,328,6,1306.086,217.681,10,3,6,New York,East,Corporate,847,43,-118.77570000000001,-19.79595,3
SP-20620,48,9,5440.319,604.4798888888889,24,3,11,Pennsylvania,East,Corporate,1162,77,-270.42819999999995,-30.04757777777777,1
SP-20650,387,9,1872.4360000000001,208.04844444444447,15,3,8,California,West,Corporate,968,71,268.4782,29.830911111111114,3
SP-20860,80,10,4282.94,428.294,23,3,10,Pennsylvania,East,Corporate,1032,80,566.7226,56.67226000000001,1
SP-20920,71,6,3990.689,665.1148333333333,14,3,10,California,West,Consumer,1064,57,14.692400000000003,2.4487333333333337,2
SS-20140,16,8,1324.028,165.5035,21,3,9,Rhode Island,East,Corporate,1118,86,332.3487,41.5435875,1
SS-20875,121,5,964.636,192.9272,15,3,9,Texas,Central,Consumer,992,39,-75.586,-15.1172,0
ST-20530,126,7,433.34000000000003,61.90571428571429,12,3,7,Ohio,East,Consumer,1290,33,84.4419,12.063128571428573,0
SU-20665,21,7,2595.364,370.76628571428574,18,3,10,Mississippi,South,Home Office,736,61,763.4719,109.06741428571429,1
SV-20785,321,9,4105.305,456.14500000000004,25,3,13,Colorado,West,Consumer,1038,91,485.0272,53.89191111111111,1
SV-20815,77,4,1271.0900000000001,317.77250000000004,6,3,5,Texas,Central,Corporate,895,24,199.6502,49.91255,0
SV-20935,3,8,1903.491,237.936375,13,3,8,New York,East,Consumer,649,66,106.8912,13.3614,1
SW-20245,82,7,1085.078,155.01114285714286,10,3,6,California,West,Consumer,1178,33,-19.60620000000001,-2.8008857142857155,0
SW-20275,31,6,1966.65,327.77500000000003,7,3,6,Mississippi,South,Consumer,1361,28,332.8725,55.47875,0
SW-20455,163,7,2921.544,417.3634285714285,9,3,8,Virginia,South,Consumer,760,18,793.6548,113.37925714285714,3
SZ-20035,36,11,3625.329,329.57536363636365,20,3,10,California,West,Home Office,1175,69,366.43030000000005,33.311845454545455,1
TB-21055,120,5,1467.881,293.57620000000003,18,3,11,New York,East,Consumer,442,66,390.2113,78.04226,1
TB-21175,59,4,3589.296,897.324,11,3,8,Texas,Central,Corporate,1060,36,829.1635,207.290875,2
TB-21250,350,7,1602.376,228.91085714285714,19,3,11,New York,East,Consumer,769,74,260.6155,37.230785714285716,3
TB-21355,147,5,834.328,166.8656,13,3,8,New York,East,Corporate,559,44,268.967,53.7934,0
TB-21595,286,5,1387.559,277.5118,7,3,6,Indiana,Central,Consumer,1126,29,-136.4091,-27.28182,3
TB-21625,31,9,2797.668,310.85200000000003,15,3,10,Texas,Central,Consumer,1212,60,379.882,42.20911111111111,1
TC-21145,107,1,1038.26,1038.26,4,3,4,New Jersey,East,Corporate,0,17,265.5332,265.5332,0
TC-21295,28,8,4266.812,533.3515,16,3,11,California,West,Consumer,1146,63,606.3727,75.7965875,2
TC-21475,154,9,1244.976,138.33066666666667,11,3,8,Georgia,South,Home Office,981,45,119.104,13.233777777777778,0
TC-21535,5,7,742.5580000000001,106.0797142857143,10,3,8,Virginia,South,Home Office,1149,28,217.933,31.133285714285712,0
TG-21310,338,5,3058.372,611.6744,9,3,8,California,West,Consumer,690,30,682.1704,136.43408,3
TG-21640,115,4,2074.661,518.66525,10,3,8,California,West,Consumer,1256,50,365.7205,91.430125,0
TH-21100,345,5,2422.824,484.5648,7,3,6,California,West,Consumer,846,29,-135.2125,-27.0425,3
TH-21115,59,4,2942.772,735.693,9,3,8,Pennsylvania,East,Corporate,1136,29,-252.5539,-63.138475,0
TH-21235,118,8,1022.201,127.775125,13,3,10,Texas,Central,Corporate,1035,40,92.729,11.591125,0
TH-21550,73,7,4234.0960000000005,604.8708571428572,13,3,8,New York,East,Home Office,1293,44,-571.9678,-81.70968571428571,0
TM-21010,104,8,2955.2259999999997,369.40324999999996,19,3,11,California,West,Consumer,1305,67,573.3013,71.6626625,1
TM-21490,131,3,1094.6779999999999,364.8926666666666,4,3,4,Oklahoma,Central,Consumer,145,12,292.52099999999996,97.50699999999999,0
TN-21040,91,7,3130.221,447.17442857142856,12,3,9,Arizona,West,Home Office,1087,48,-692.0452,-98.8636,0
TP-21130,9,9,4454.0560000000005,494.8951111111112,16,3,10,Pennsylvania,East,Consumer,983,55,1129.1261,125.45845555555555,2
TP-21565,351,4,1936.6399999999999,484.15999999999997,10,3,8,Colorado,West,Corporate,685,48,139.22869999999995,34.80717499999999,3
TR-21325,194,5,675.9419999999999,135.18839999999997,7,3,5,New Jersey,East,Consumer,932,22,220.36440000000002,44.072880000000005,0
TS-21205,199,7,5371.09,767.2985714285714,19,3,8,New Jersey,East,Corporate,1182,67,862.8877,123.26967142857143,2
TS-21430,173,5,2054.14,410.828,7,3,5,California,West,Corporate,1077,31,48.70169999999999,9.740339999999998,0
TS-21505,12,6,2243.274,373.87899999999996,14,3,8,Tennessee,South,Consumer,1095,54,11.377899999999983,1.8963166666666638,0
TS-21655,239,5,3368.094,673.6188,14,3,8,Wisconsin,Central,Consumer,820,52,220.91629999999998,44.18326,3
TT-21070,32,7,4915.602,702.2288571428571,14,3,9,California,West,Consumer,1291,66,751.9567,107.42238571428571,2
TT-21220,184,8,1427.0439999999999,178.38049999999998,14,3,7,Texas,Central,Consumer,1011,55,278.7371,34.8421375,3
TT-21460,13,7,5364.808,766.4011428571429,14,3,8,Illinois,Central,Home Office,741,48,1124.4999,160.64284285714285,2
TW-21025,65,7,5278.826,754.118,12,3,8,Arizona,West,Home Office,1040,57,737.3905,105.3415,2
TZ-21580,36,4,1707.286,426.8215,9,3,6,Colorado,West,Consumer,1110,30,224.8887,56.222175,0
VG-21790,155,6,846.01,141.00166666666667,8,3,7,California,West,Consumer,1086,32,143.6268,23.9378,0
VS-21820,222,4,1055.981,263.99525,8,3,6,California,West,Consumer,1232,38,-262.8093,-65.702325,3
XP-21865,44,11,2374.658,215.878,28,3,9,California,West,Consumer,1397,100,621.23,56.47545454545455,1
ZD-21925,203,5,1493.944,298.7888,9,3,6,California,West,Consumer,1019,32,249.1307,49.826139999999995,3
